{"cameraMode":{"drawMode":0,"name":"Shaded","section":"Shading Mode"},"sceneLighting":true,"audioPlay":false,"sceneViewState":{"m_AlwaysRefresh":false,"showFog":true,"showSkybox":false,"showFlares":true,"showImageEffects":true,"showParticleSystems":true,"showVisualEffectGraphs":true,"m_FxEnabled":true},"in2DMode":false,"pivot":{"x":15.747626304626465,"y":5.024564266204834,"z":-9.9830961227417},"rotation":{"x":-0.007499877363443375,"y":-0.004501216113567352,"z":-0.00003397003820282407,"w":0.9999645352363586},"size":4.828650951385498,"orthographic":true}