{"cameraMode":{"drawMode":0,"name":"Shaded","section":"Shading Mode"},"sceneLighting":true,"audioPlay":false,"sceneViewState":{"m_AlwaysRefresh":false,"showFog":true,"showSkybox":false,"showFlares":true,"showImageEffects":true,"showParticleSystems":true,"showVisualEffectGraphs":true,"m_FxEnabled":true},"in2DMode":false,"pivot":{"x":15.99344539642334,"y":12.485956192016602,"z":10.120640754699707},"rotation":{"x":-0.020967865362763406,"y":0.05396190285682678,"z":0.0011333771981298924,"w":0.9983230829238892},"size":26.697242736816408,"orthographic":true}