{"cameraMode":{"drawMode":0,"name":"Shaded","section":"Shading Mode"},"sceneLighting":false,"audioPlay":false,"sceneViewState":{"m_AlwaysRefresh":false,"showFog":true,"showSkybox":false,"showFlares":true,"showImageEffects":true,"showParticleSystems":true,"showVisualEffectGraphs":true,"m_FxEnabled":true},"in2DMode":false,"pivot":{"x":206.2042694091797,"y":13.177312850952149,"z":-0.28217625617980959},"rotation":{"x":-0.080905981361866,"y":-0.011961736716330052,"z":-0.0009712490136735141,"w":0.9966542720794678},"size":7.346287727355957,"orthographic":false}